city,year,unique_addresses,count
Atlanta,1912,"[nan '19 S. Broad' '210-12 Forrest' '97 1/2 Peachtree' '97 1/2 Ptree.'
 '78 N. Forsyth' '60 1/2 N. Broad' '18 N. Pryor' '24 S. Broad'
 '176 White Hall' '26 S. Broad' '8 Louckle' '11 1/2 S. Broad'
 '10 Auburn av.' '11 Edgewood ave' '69 N. Forsyth' '6 Auburn ave.'
 '16 1/2 N. Broad' '16 E. Ala.' '34 N. Frath' '19 S. Pryor']",21
Austin,1912,"[nan '106 W. Fifth' '920 Congress ave.' '819 Congress' '123 W. Seventh'
 '103 W. Seventh' '400 E. Sixth' '824 Congress ave.' '415 Congress av.'
 '107 E. Sixth' '410 Scarbrough' '105 W. Ninth' '820 Congress ave.'
 '826 Congress ave.' '4 Smith Office bldg.' '113 W. 7th' '108 W. Seventh'
 '107 W. Seventh' '101 W. Seventh' '714 Congress ave.' 'Seventh'
 '722 Congress' '615 Scarbrough' '105 W. Seventh']",24
Boston,1912,"['10 Tremont st.' nan '286 Congress st.' '80 State st.' '209 Washington'
 '86 Warren' '17 Valentine' '84 State' '27 State' '67 Chauncy' '79 Milk'
 '6 Beacon' '84 Porter' '19 Milk' '2343 Washington' '489 Blue Hill ave.'
 'Dorchester' '27 School' '58 Falmouth' '50 Congress' '42 Dartmouth'
 'Allston' 'Roslindale' '206 Mass. ave.' 'East Boston' '3 Irvington'
 '8 Beacon' '60 State' '53 State' '24 Milk' '183 Summer' '2584 Washington'
 'Atlantic' '643A Warren' '679. Tremont' '262 Washington' '389 Broadway'
 '190 North' 'Charlestown' '10 Piedmont' '28 Chambers' '16 Exchange'
 '43 Tremont' '16 State' '101 Tremont' '47 Court' '85 Water' 'Jamaica'
 '414 Old South bldg.' 'Germantown' '70 Kilby' '56 Warren' '276 Tremont'
 '75 State' '141 Milk' '218A Highland ave.' '15 State' '469 W. Broadway'
 '4 Province Ct.' '399 Warren' '51. N. Market' '31 State' '28 State'
 '114 State' '15 School' '58 State' '83 Water' 'S. Boston' '701'
 '654 Old So. blu' '28 School' '840 Dorchester ave.' '749' '18 Tremont'
 '85 Congress' '60 Congress' '294 Washington' '615 Dorchester ave'
 'Mt. Hope' '101' '7 Water' '730' '50 State' 'Roslindalı' 'Forest Hills'
 '819 Huntn. ave.' 'Devonshire' '84 School' '640' '4 P. O. Square'
 'W. Roxbury' '880' '40 State' '809' '131 State' '200 Washington' '425'
 '714 Shawmut ave.' '692 Shawmut ave.' '205 Dorchester' '126 Masa. ave.'
 '120 Boylston' '431' '34 School' '1024' '752' '100' '70 State' '512'
 '80 Kilby' '514 Tremont' '88 Dartmouth' '143 Federal' '1160'
 '54 Devonshire' '826' '401' 'Brighton' '684 Dudley' '413A Geneva ave'
 'Jamaica Plain' '180 Tremont' 'Nantasket Beach' '294 Wash.'
 'W. Somerville' 'Roxbury' '63 Roxbury' '1128' '81 Milk' '31'
 '178 Devonshire' '85 Stillman' '905' '2414 Washington' '627'
 '362 Blue Hill ave.' '34' '19 Congress' '606 Dudley' '142 Dudley' '1082'
 '528' '89 State' '331 Broadway' 'E. Boston' '165 Blackstone'
 '1774 Washington' '10 Central Square' '338 Blue Hill av. Rox' '216'
 '394 Blue Hill ave.' '48 Tremont' '162 Dudley, Rox.' '202 Harrison av'
 '645' '423 Hanover' '84 W. Rutland Sq.' '230 Washington' '293 Wash.'
 '67 Milk' '80 Kirby' '76 Tremont' '68 Pemberton Sq' '112 Water' '511'
 '1158 Columbus ave.' '924 Columbus ave.' '530' '1044' '2 A. Beacon'
 '362 Brdwy. S. Box.' '360 Bdwy, S. Box.' '85 Devonshire' 'Mattapan' '615'
 '201 Dev.' '108 Humboldt av' '21 Bromfield' '62 Walnut Park'
 '9 Northfield' '181 Tremont' '95 Milk' '30 Court' '5 Lenox'
 '708 Centre, Jamaica Plain' '480 Broadway' '819' '18 Kendall' '1088'
 '542' '33s Warren' '60 Bromfield' '60 Munroe' '66 Falmouth' '42 Court'
 '599 E. Bdwy, S. Box.' '935' '234' '258 Washington' '906' '7 Kemble'
 '286 Blue Hill ave.' '300 Warren, Rox.' '58 Warren' '161 Devonshire'
 '160 Appleton' '1143 Columbus ave.' '44 Worcester' '360 Warren'
 '172 Col. ave.' '200 Devonshire' '9 City Sq.. Charleston' '478 Broadway'
 '15 Court Square' '14 James' 'Somerville' '674½ Tremont' '1 Washington'
 '96 Milk' '31 Milk' '260 Hunt ave.' '913' '12 Clarendon' '20 Beacon'
 '331' '1374 Washington' '1101 Tremont' '3' '1368 Washington' '648'
 '120 Franklin' '550 Shawmut ave.' '88 Clinton' '50 School' '15 Congres'
 '544' '949' '628 Tremont' '57 Warren' '1001 Tremont' '35 Cong.' '529'
 '647' '467¼ Dudley' '444' '408' '861A Dudley' '55 Warren ave.'
 '15 Exchange' '1006 Tremont' '18 James' 'Uphams Corner' '588 Tremont'
 '713' '3 W. Canton' '40' '433 Hanover' '216 Bowdoin' '555 Warren'
 '672 Tremont' '362 Washington' '19 Green' '77 Summer' '105 Summer' '929'
 '1134' '10 Tremont' '1117' '161 Pearl' '115' '2185 Washington' '1030'
 '44 Humboldt ave.' '26 Pemberton Square' '786 Washington' '85 Court'
 '731' '75 Warren' '76 Warren' 'Allerton' '402' '700' '780 Tremont'
 '102 Brighton' '153 Milk' '1 Beacon' '29 Tyler' '28 Hollander'
 '1525 Washington' '201 Devonshire' '17 India' 'Hull' '171 W. Springfield'
 '17 Milk' '80 Court st.' '286 K' '18 Central' 'Winter Hill' '100 Bylston'
 '294 Wash' '57 Lenox' '110 Dud.' '73 Tremont' '82 Devonshire'
 '598 Tremont' '1055 Tremont' '15 Beacon' '11 Pemberton Square'
 '882 Bdwy. S. Bos' '68 Pemberton Square' '830 Washington' '35 Congress'
 '8 Berkeley' '8 Congress' '9' '176 Federal' '235 Hunt ave'
 '16 Elliot Square' '100 Worcester' '11 Pemberton Sq.' '60 Devonshire'
 '55 Congress' '28 Cumberland' '33 Broad' '683 Tremont' '13 School']",326
Charlotte,1912,"[nan '28 E. 4th' '203 N. Tryon' '211 N. Tryon' '201 S. Tryon'
 '229 S. Tryon' '219 N' '25' '25 S. Tryon' '33 E. 4th' '7 E. Trade'
 '4 S. Tryon' '16 E. Trade']",13
Chicago,1912,"[nan '11 Monroe st.' '130 N. Clark st.' '50-60 W. Washington'
 '703-35 8. Dearborn st.' '827 River st.' '2417 W. 63rd st.'
 '112 N. La-Salle st.' 'cor. Madison & Lasalle st.'
 '6307 Coltage Grove ave.' '916-32 N. Clark' '20 W. Jackson blvd.'
 '127 N. Dearborn st.' 'cor. Lawrence ave. & N. Robey st.'
 '19 8. Lasalle st' '54 W. Randolph st.' '15 8. La Salle st.'
 '19 8. La Salle st.' '3644 Ogden ave.' '21 N. La-Salle st.'
 '30 N. Dearborn' '1322 W. 16th st.' '668 Milwaukee ave.' '139 N. Clark'
 '2836-55 Wash. bivd.' '1259 W. 51st' 'W. Monroe st.' '8 S. Dearborn'
 '547 8. Dearborn st.' '709-69 W. Washington st.' '8 8. Dearborn' '1243'
 '69 W. Wash. st.' '2342 8. Leavitt' '4536 E. Ravenswood' '3101 Stule st.'
 '1322 W. 18th st.' '12000 S. Halstead st.' '3947 Cottage Grove ave.'
 '8905 Commercial ave.' '117 N. Dearborn' '25 N. Dearbora' '166 W. Adams'
 '25 Ν. Dearborn' '69 W. Wash.' '111 W. Monroe' '189 W. Madison'
 '25 N. Dearborn' '38 S. Dearborn' '813 Ashland bik.' '69 W. Washington'
 '7 W. Madison' '37 W. Vanburen' '38 S. Dearborn.' '133 W. Washington'
 '32 N. Clark' '8 B. Dearborn' '72 W. Adams' '140 8. Dearborn'
 '154 W. Randolph' '112 W. Adams' '76 W. Monroe' '332 S. Michigan ave.'
 '343 S. Dearborn' '5 N. LaSalle' '28 E. Jackson blvd.' '209 S. State'
 '431 S. Dearborn' '140 S. Dearborn' '102 S. Market' '132 N. Wabash ave.'
 '106 W. Monroe' '122 S. Mich. ave.' '382 S. Mich. ave.' '36 S. Dearborn'
 '64 W. Rand' '208 S. LaSalle' '82 N. Clark' '53 W. Jackson'
 '230 S. LaSalle' '1364 Ch. of Com.' '22 W. Monroe' '54 W. Randolph'
 '58 W. Jackson blvd.' '87 W. Vanburen' '826 River' '80 N. LaSalle'
 '140 W. Vanburen' 'U. S. Yaris' '30 N. LaSalle' '85 S. Dearborn'
 '53 W. Jackson blvd.' '28 E Jackson blvd.' '79 E. Adams' '206 S. LaSalle'
 '539 Monadnock blk.' '127 N. Dearborn' '134 S. LaSalle' '22 Quincy'
 '112 N. LaSalle' '192 N. Clark' '160 W. Jackson' '848 S. Dearborn'
 '126 S. Dearborn' '88 S. Dearborn' '105 N. Clark' '69 W. S. Water'
 '417 S. Dearborn' '137 N. Dearborn' '209 S. LaSalle' '4166 S. Halsted'
 '85 N. Dearborn' '843 S. Dearborn' '141 W. Jackson blvd.'
 '64 S. Randolph' '115 S. Dearborn' '512 Ashland blk.'
 '123 S. Michigan ave.' '72 W. Wash.' '80 E. Jackson blvd.'
 '17 N. LaSalle' '164 W. Randolph' '832 S. Mich.' '108 S. LaSalle'
 '10 S. LaSalle' '122 S. Mich.' '7 S. Dearborn' '155 N. Clark'
 '42 N. Dearborn' '332 S. Mich. ave.' '63 W. Jackson blvd.'
 '538 S. Dearborn' '19 S. LaSalle' '5451 Prairie ave.'
 '1980 Canalport ave.' '216 E. 51st' '6806 S. State' '234 E. 61st'
 '80 E. Jackson bl.' '69 W. Wash' '2215 N. Halstead' '2036 W. North ave.'
 '64 W. Randolph' '3866 S. State' '63 W. Jackson bl'
 '7452 Cot. Grave ave.' '160 W. Jackson bl.' '806 N. 44th ave.'
 '6911 S. Halstead' '1845 Irving Pk. bl.' '505, 35 S. Dearborn'
 '4037 N. Robey' '521 W. 69th' '3549 W. 12th' '4457 Evanston ave.'
 '111 N. Dearborn' '2300 Foster ave.' '218 E. 43d.' '700 W. 68th'
 '609 B. Kedzie ave.' '105 W. Monroe' '700 W. Jackson bl.' '1801 W. 65th'
 '4865 Armitage ave.' '1158 E. 63d' '8795 Archer ave.' '1149 W. Polk'
 '6142 S. Ada' '3806 Dickens ave.' '11855 Michigan ave.'
 '11125 Coml. ave.' '148 W. 69th' '3266 N. Clark' '3503 S. State'
 '3162 Logan bl.' '4202 W. Madison' '1104 S. Wabash ave.' '228 W. 68d'
 '6247 S. State' '1461 E. 63d' '118 N. LaSalle' '4720 Lincoln ave.'
 '9 S. LaSalle' '6126 S. State' '1134 Granville ave.' '4124 Armitage ave.'
 '2140 W. 22d' '179 W. Wash.' '54 W. Rand.' '115 S. LaSalle'
 '116 S. LaSalle' '179 W. Washington' '2817 Diversey ave.'
 '602 W. North ave.' '3066 Lincoln ave.' '8517 W. 26th' '1362 E. 63d'
 '82 W. Washington' '1652 W. 12th' '2014 Irving Park bl.' '1027 W. 12th'
 '3936 Lincoln ave.' '549 W. Wash.' '35 N. Dearborn' '11108 Michigan ave.'
 '3568 Lincoln' '2938 N. Clark' '122 S. Michigan bl.' '138 W. Washington'
 '901 W. Taylor' '2004 E. 1st' '4 E. 31st' '6905 S. Ashland ave.'
 '39 Adams' '4709 S. Halsted' '217 N. Desplaines' '106 N. Clark'
 '1830 W. Lake' '842 E. 39th' '79 W. Monroe' '624 S. 40th ave.'
 '4200 Lincoln ave.' '4720 Irving Pk. bl.' '504 Milwaukee av.'
 '8688 Vinc. rd.' '3119 Indiana ave.' '3960 N. Ashland'
 '5002 S. Hermitage ave.' '9904 Ewing ave.' '74 W. Wash.' '1637 W. Taylor'
 '230 S. Las.' '9164 Coml. ave.' '167 W. Wash.' '5 N. Las.'
 '2026 W. Madison' '1369 W. Chl-cago ave.' '138 N. LaSalle'
 '3331 Lincoln ave.' '3958 Colo. ave.' '209 S. Lasalle' '5864 Normal ave.'
 '2634 N. Clark' '3961 W. 12th' '4806 W. Harrison' '9154 Commercial ave.'
 '1414 Clyb. ave.' '328 E. 58th' '18325 Erie ave.' '5448 S. Halsted'
 '5501 S. Ashland ave.' '6307 Cot. Grove' '1954 W. 69th'
 '4115 Montrose ave.' '6241 S. Ashland ave.' '1937 W. Lake'
 '180 N. Dearborn' '156 N. Las.' '1848 Morse ave.' '722 W. 12th'
 'Stock Exch.' '1108 E. 63d' '4649 S. State' '911 Milton ave.'
 '12 E Jackson bl.' '2330 S. Sawyer ave.' '3946 W. 26th' '655 W. 31st'
 '186 W. Lake' '1510 Wells' '3246 Ogden ave.' '1536 W. 69th'
 '4306 Cot. Grove' '28 E Jackson bl.' '26 N. Dearborn'
 '369 W. Chicago ave.' ""9206 Com'l ave."" '165 N. Clark'
 '521 S. California ave.' '3706 S. State' '39 S. LaSalle'
 '4603 Evanston ave.' '116 S. Dearborn' '20 W. Jackson bl.'
 'W. 69th & S. Winchester ave.' '724 W. 12th' '35 S. Dearborn'
 '501 E. 63d' '32 W. Washington' '72 W. Washington' '7900 S. Chicago ave.'
 '1158 W. 53d' '812 S. Clark' '106 N. LaSalle' '809 S. State'
 '4764 Milwaukee ave.' '847 N. Central ave.' '1526 W. Madison'
 '642-643 First Nat. Bank bldg.' '133 E. 47th' '1145 Blue I. ave.'
 '80 N. Dearborn' '1642 W. Lake' 'Dearborn, sw. cor. Washington'
 '7114 Cot. Grove ave.' '7424 S. Halsted' '5454 Wentworth ave.'
 '2078 Milwke. ave.' '11208 Michigan ave.' '408 N. 52d ave.'
 '2032 Lincoln ave.' '1152 N. Ashland' '689 W. 26th' '1637 W. 63d'
 '4092 Archer ave.' '1638 W. 63d' '8431 N. Clark' '5256 Evanston'
 '183 W. Washington' '547 W. 120th' '7047 N. Clark' '4040 W. Madison'
 '609 W. 119th' '74 W. Washington' '1516 W. 12th' '8408 S. State'
 '318 N. 48th ave.' '4726 Evanston ave.' '947 Washington' '226 S. LaSalle'
 '128 N. LaSalle' '2022 Irving Pk.' '3156 S. State' '4761 Milwke. ave.'
 '610 S. Ked-sie ave.' '1166 Diversey Pkway.' '8158 Irving Pk. bl.'
 '78 W. Monroe' '81 W. 43rd' '1648 W. Div.' '788 Noble' '4201 S. Halsted'
 '163 W. Garfield bl.' '9306 Commercial ave.' '1423 Wilson ave.'
 '145 N. 18th ave' '2327 W. 12th' '29 S. LaSalle' '716 W. Madison'
 '1778 Milwke. av.' '11518 Michigan ave' '63 W. Jackson bl.'
 '326 S. Western av.' '3665 W. 63d' '5742 S. State' 'W. Madison st.'
 '9145 Coml. ave.' '1225 N. Ashland ave.' '1931 Milwke. ave.'
 '3349 Berteau ave.' '1512 W. 55th' '3433 Sheffield ave.'
 '4808 Milwaukee ave.' '4600 S. Wood' '1301 Johnson' '6534 Sheridan rd.'
 '2113 W. 21st' '183 N. Dearborn' '2033 Irving Park bl'
 '2358 N. 48th ave.' '850 N. Clark' '741 Milwke. ave.' '7914 S. Halsted'
 '173 W. Madison' '1532 W. 12th' '446 W. 63d' '15 S. LaSalle'
 '1345 E. 56th' '1600 E. 75th' 'N. Dearborn' '449 W. 69th'
 '1742 W. Division' '163 W. Washington' '642 Milwke. ave.' '4309 Grand bl'
 '3200 Haddon ave.' '1551 Milwke.' '9233 Commercial ave.' '6801 N. Clark'
 '519 W. North ave.' '162 N. Dearborn' '8623 W. 26th'
 '8745 Commercial ave.' '198 N. Clark' '2210 N. Clark' '10303 Avenue M'
 '170 W. Randolph' '4137 W. 26th' '805 W. Madison' '140 S. Dear- born'
 '105 S. Dearborn' '3203 Wentworth ave.' '1808 Evergreen ave.'
 '6449 S Halsted' '6580 W. 12th' '2811 Milwaukee ave.'
 '4517 E. Ravenswood Pk.' '1032 E. 43d' '1537 W. Taylor' '1213 8. Halsted'
 '1410 W. 12th' '1051 W. 12th' '32 W. Wash.' '133 W. Wash.'
 '326 S. LaSalle' '1579 Milwaukee ave.' '2331 W. Lake.' '6 N. LaSalle'
 '1346 E. 63d' '188 N. LaSalle' '830 Belmont ave.' '217 W. 31st'
 '11526 Michigan ave.' '2307 Milwaukee ave.' '8257 Lincoln ave.'
 '7900 Escanaba' '2427 W. 14th' '3710 Montrose ave.' '2629 E. 75th'
 '1548 W. Chgo. ave.' '9250 Cot. Grove ave.' '164 W. Washington'
 '4756 Milwaukee ave.' '68 W. Washington' '8485 Milwaukee ave.'
 'Milwaukee ave., cor. Belmont ave.' '843 N. 52d ave.' '1538 W. 69th'
 '2609 W. North ave.' '234 S. LaSalle' '1922 W. Chicago ave.'
 '102 N. 5th ave.' '2047 Ogden ave.' '6101 Grand ave.'
 '4953 Evanston ave.' '53 W. Jackson bl.' '6006 S. Halsted'
 '3148 N. Ashland ave.' '106 N. LaB' '2007 N. Halsted' '38 S, Dearborn'
 '111 W. Chgo, ave.' '1501 W. 51st' '6661 S. State'
 'Austin ave. & W. Madison' '5115 W. Chicago ave.' '2602 W. 25th'
 '1311 W. 12th' '2133 S. Ridge- way ave.' '606 S. Mich, ave.'
 '3984 Milwke, ave.' '8606 Irving Park bl.' '125 W. Vanburen'
 '5638 W. Lake' '7, W. Madison' '112 W. Adama' '7910 S. Halsted'
 '900 Belmont ave.' '259 E. 115th' '11138 Mich. ave.' '3008 W. Harrison'
 '3617 Archer ave.' '4284 W. Harrison' '108 8. LaSalle' '88. Dearborn'
 '501 W. 103d' '187 S. LaSalle' 'suite 821-823, 140 S. Dearborn'
 '3288 W. 28th' '122 8. Michigan ave.' '1402 D. 63d' '137 N. Kedzle ave.'
 '882 8. Michigan ave' '8312 W. Jackson bl.' '157 W. Wash.' '5235 W. Lake'
 '3947 Sheridan rd.' '112 N. Lasalle' '111 E. Ohto' '111 E. Ohio'
 '4864 Lincoln ave.' '5109 S. Ashland ave.' '81 E. Madison'
 '6339 N. Clark' '21 N. Lasalle' '1301 E. 55th' '38 8. Dearborn'
 '2605 Lincoln ave.' '8115 W. Madison' '3205 W. 684' '106 S. Dearborn'
 '7050 Euclid ave.' '1349 W. 12th' '1760 Clybourn ave.' '1688 N. Halsted'
 '20434 W. Div.' '1008 8. Halsted' '1824 W. 47th' '1617 W. 47th'
 '1806 W. Div.' '58 W. Wash.' '38. Dearborn' '2136 W. Huron'
 '2950 Armitage ave.' '5969 W. Chicago ave.' '2518 Humboldt bl.'
 '2325 W. Madison' '8601 Lawrence ave.' '3616 W. North ave.' '285 W. 26th'
 '6158 S. Halsted' '655 W. North ave.' '2411 Lincoln ave.' '3149 W. 22d'
 '428 E. 47th' '10240 Vincennes rd.' '1541 W. 18th' '6140 Evanston ave.'
 '4916 S. Ashland ave.' '40 N. Dearborn' '2608 S. Halsted'
 '1410 Milwaukee ave.' '148 N. Dearborn' '3110 E. 83d'
 '1836 S. Ashland ave.' '2729 W. 22d' '8756 Ogden ave.' '1758 W. 48th'
 '1245 Noble' '1152 N. Ashland ave.' '2128 Blue Island ave.'
 '1648 S. 40th ave.' '558 W. North ave.' '3437 Ogden ave.'
 '6409 S. Halsted' '167 W. Washington' '4010 W. 26th' '1632 N. Wood'
 '1572 N. Halsted' '16 W. 31st' '447 N. Kedzie ave.' '2111 N. Robey'
 '3117 Logan bl.' '1022 W. 51st' '3160 N. Clark' '6254 Wentworth ave.'
 '1125 Wilson ave.' '5854 S. Centre ave.' '704 Dearborn ave.'
 '1747 Belmont ave.' '1843 Ogden ave.' '7 W. 47th' '542 S. Dearborn'
 '851 Oakdale' '4703 Cot. Grove ave.' '3712 S. Western ave.'
 '5217 N. Clark' '3244 E. 86th' '7825 S. Halsted' '744 W. 45th'
 '1122 Bryn Mawr ave.' '5363 W. Madison' '3454 Ogden ave.'
 '755 W. North ave.' '1909 W. 68d' '22 W. Vanburen' '509 E. 85th'
 '1522 W. Madison' '1334 W. 18th' '500 Blue Island ave.' '859 E. 69th'
 '5207 S. Halsted' '1451 Milwke. ave.' '387 W. Madison'
 '8137 Cot. Grove ave.' '806 Wrightwood ave.' '1834 S. Ashland ave.'
 '1636 W. 12th' '8634 W. Chicago ave' '916 Milwaukee ave.'
 '2315 N. Cal. ave.' '1806 Wilson ave.' '1018 E. 75th' '1640 W. 47th'
 '7822 S. Halated' '510 W. 79th' '206 S. Las.' '3867 S. State'
 '6961 Jackson Pk. ave.' '29 E. 31st' '218 W. 63d' '2808 W. Vanburen'
 '115 S Dearborn' '1664 W. Madison' '7831 S. Sangamon'
 '369 W. Chi-cago ave.' '127 E. 39th' '2304 W. Lake' '2642 E. 75th'
 '4041 W. Madison' '121 W. Madison' '5462 S. Ashland ave.'
 '208 W. North ave.' '106 N. LaS.' '46 W. 69th' '508 W. 69th'
 '6900 S. Hal-sted' '4711 Lake ave.' '7129 S. Chicago av.'
 '33 S. Dear-born' '823 W. Jackson blvd.' '54 W. Rand' '811 W. 63rd'
 '6234 W. 119th' '2530 Milwaukee ave.' '2986 Armitage ave.' '164 W. Rand'
 '8126 W. Madison' '1403 Morse ave.' '4405 S. State' '1152 W. 69th'
 '82 W. Wash.' '7933 S. Halated' '21 N. LaSalle' 'W. Div. & N. 40th ave.'
 '122 N. California ave.' '39 S. State.' '956 N. California ave.'
 '1317 Milwaukee ave' '5751 N. Clark' '7040 Sheridan rd.'
 '3209 Elston ave.' '100 W. Jackson blvd.' '1348 Lunt ave.' '864 E. 43rd'
 '6218 Wentworth ave.' '1251 Indiana ave.' '503 E. 43rd' '342 E. 43rd'
 '8721 W. Chgo ave.' '67 W. Ontario' '7082 S. Halsted'
 '1639 N. California av.' '1158 W. Garfield blvd.' '809 W. Taylor'
 '8101 S. State' '2849 W. 22nd' '3949 Sheridan rd.' '1034 Milwaukee ave.'
 '1247 Armitage ave.' '625 Milwke ave.' '1103 Michigan ave.'
 '3252 S. Haisted' '4742 Lin-coln ave.' '8508 W. 26th'
 '4617 E. Ravenawd Pk.' '1146 Noble' '6111 B. Halsted' '1735 S. Halsted'
 '1316, 82 N. State' '2420 Wentworthave.' '1500 Е. 57th' '683 W. 79th'
 '2460 Armitage ave.' '2020 W. 85th' '833 S. Dearborn' '2854 W. Madison'
 '11600 Michigan ave.' '63 W. Jackson' '2759 W. North ave.' '1735 W. 18th'
 '5157 N. Clark' '46th ct. & Montrose blv.' '8504 W. Chicago ave.'
 '1369 W. 63rd' '1441 W. 18th' '1647 W. 47th' '628 S. 48th ave.'
 '39 S. State' '101 N. Austin ave.' '901 W. 20th' '207 W. Div.'
 '819 N. May' '1219 E. 63rd' '612, 82 N. Clark' '1128 W. 12th'
 '2605 E. 74th pl.' '1448 S. Halsted' '8848 W, 63rd' '424 N. Park ave.'
 '2147 W. North ave.' '1116 W. 19th pl.' '1137 W. Cal. ave.' '80 N. Laß.'
 '1653 W. 47th' '2225 Cottage Grove ave.' '2342 S. Leavitt'
 '1336 Morse ave.' '122 S. Mich. av.' '966% Webster ave.' '12 N. Dearborn'
 '1666 N. Humboldt' '3802 W. North ave.' '5003 B. Ashland ave.'
 '1150 W. Chicago ave,' '6886 S. Ashland ave.' '843 N. Central ave.'
 '4323 S. Fairfield ave.' '3956 Cot. Grove av.' '1268 W. Madison'
 '58 W. Washington' '5233 S. Haisted' '1041 E. 63rd' '712 W. 63rd'
 '6979 N. Clark' '5 N. Clark' '1113 Argyle' '182 S. Mich. ave'
 '846 W. 63rd' '1537 Fuller-ton ave,' '8618 Archer ave.' '242 N. Clark'
 '13635 Indiana ave.' '140 B. Dearborn' '6416 N. Clark'
 '1139 Granvle ave.' '159 N. State' '1242 E. 75th' '919 W. 12th'
 '184 W. Washington' '3462 W. 26th' '2210 N. Cal. ave.'
 '2756 Southport ave.' '4438 Milwaukee ave.' '1536 W. Chicago ave.'
 '3282 Greenwd ter.' '1462 Blue I. ave.' '2204 Michigan ave.'
 '1606 Tribune bldg.' '501 W. Oak' '1507 Milwke.' '3113 W. 22nd'
 '19 B. LaSalle' '11250 Michigan ave.' '4157 W. Harrison'
 '2967 Cot Grove ave.' '216 W. 119th' '8654 W. North ave.'
 '4742 W. North ave.' '4145 W. North ave.' '1219 S. Kedzie av.'
 '1224 W. 63rd' '89 W. Randolph' '4608 Evanston ave.' '1837 Ogden ave.'
 '2175 Lincoln av.' '9 S. Lasalle' '2203 N. Halsted' '2856 Lincoln ave.'
 '554 W. North ave.' '9 LaSalle' '3034 Milwaukee ave.' '887 E. 63rd'
 '1164 Milwaukee ave.' '1185 Bryn Mawr ave.' '810 W. 79th' '5355 N. Clark'
 'Logan blvd. cor. Milwaukee ave.' '1208 Blue I. ave.'
 '1458 W. Chicago ave.' '154 W. Rand' '330 E. 61st' '6012 Wentworth ave.'
 '4003 Lincoln ave.' '35 N. Dear- born' '1204 Blue I. ave.'
 '4265 Cot. Grove av.' '1728 Grand ave.' '840, 38 S. Dearborn'
 '520 W. 79th' '2826 W. 22nd' ""11136 Com'l ave."" '1140 S. Paulina'
 '756 W. Adams' ""8813 Com'l av."" '2429 Fullerton ave.' '1250 S. 40th ave.'
 '809 W. 12th' '78. Dearborn' '3203 W. 26th' '12000 8 Halsted'
 '5961 South blvd.' '8128 S. State' '1661 W. Taylor'
 '8947 Cot. Grove ave.' '302 E. Garfield blvd.' '1852 S. Centre ave.'
 '89 W. Washington' '6310 Cottage Grove ave.' '8204 N. Clark'
 '4819 Irving Pk. blvd.' '440 S. Dearborn' '3905 Cot. Grove av.'
 '5038 W. Chgo. ave.' '3084 Milwaukee ave.' '815 S. Halsted' '247 E. 89th'
 '306 8, Canal' '8156 Ogden ave.' '1026 Milwaukee ave.'
 '3343 Irving Pk. blvd.' '665 W. 43rd' '844 W. Madison' '1223 Grand ave.'
 '2975 Milwaukee ave' '4003 Fullerton ave.' '9249 S. Chicago ave.'
 '2137 W. Madison' '16 S. Dearborn' '6032 S. Halsted' '11227 Mich. ave.'
 '911 W. 87th' '1225 Blue I. ave.' '4036 Armitage ave.'
 '840 N. Central ave.' '156 W. Washington' '6912 Wentworth av.'
 '209, 105 8. Dearborn' '206 W. 63rd' '1551 W. Madison' '4002 W. Harrison'
 '1940 Larrabee' '10956 Michigan ave.' '820 W. North ave.' '8_S. Dearborn'
 '8333 S. State' '7 8. Dearborn' '524 W. 63rd' '0 S. Lasalle'
 '4601 N. 40th ave.' '219 8. Dearborn' '30 N. Lasalle' '2349 W. 63rd'
 '722 8. Centre ave.' '1747 W. 47th' '2337 8. Central Park av.'
 '4542 Wentworth av.' '10288 S. Michigan ave.' '11024 Michigan ave.'
 '11451 Mich. ave.' '4026 W. 12th' '757 De Koven' '1428 W. 18th'
 '2749 W. Division' '4255 S. Ashland ave.' '7000 Fullerton ave.'
 '1700 N. Ashland ave' '1841 W. 51st' '206 N. Kedzie ave.' '739 W. 12th'
 '4610 N. Clark' 'Archer & Albany aves.' '4621 N. Clark'
 '4143 Elston ave.' '846 Center' '1669 Blue Island ave.' '68 W. Wash.'
 'sw. cor. Madison & S. Ashland blvd.' '88 8. Dearborn' '357 W. 88rd'
 '4142 Elston ave.' '3000 E. 79th' '5526 W. Chgo ave.'
 '80 E. Jackson blv.' '4384 Cot. Grove ave.' '6459 Cottage Grove ave.'
 '6101 N. Clark' '1924 8. State' '2243 W. 22nd' '2034 Lincoln ave.'
 '8423 S. State' '3221 State' 'W. Madison st..' '5149 Bishop'
 '702 S. Western ave' '867 E. 63rd' '738 W. 43d' '6326 Monroe ave.'
 '6939 Jackson Park ave.']",899
Cincinnati,1912,"['1228 Vine st.' nan 'Ridge & Williams, Pleasant Ridge'
 '510 Lincoln Inn ct.' '529 W. 5th' 'Temple Bar ct. & Main'
 '931 Monastery, Mt. Adams' '104 E. &d' '1017 E. McMillan' '540 Maln'
 '221 E. 4th' '4th & Main' '141 E. 4th' '907 Com. Tribune blåg.'
 'Ziegle ave. nr. Paxton rd.' '49 E. McMicken ave.' '333 E. 4th'
 '6091 Montgomery rd., Pleasant Ridge' '108 Findlay' '340 E. 4th'
 '823 Poplar' '414 Walnut' '300 Lincoln Inn ct.' '1310 Main'
 '3300 Harrison, Cheviot' '1512 Vine' 'McMillan & Gilbert' '206 E. 5th'
 '4035 Harrison, Cheviot' '152 E. 4th' '2 Baker ct.' '621 Main'
 '4210 Hamilton ave., Northside' '1620 Chase ave., North- side'
 '2841 Woodburn ave.' '404 Lincoln Inn ct.' '3735 Spring Grove ave.'
 'Commerce & Elm' '1234 Vine' 'Hamilton & Freeman aves., C. H.'
 'Se. cor. Erie & Edwards rd., H. P.' '22 Opera pl.'
 'Washington & Hudson, Indian Hill' '2916 Highland ave., Mt. Aub.'
 '4th & Walnut' '114 E. 4th' '612 W. 5th' '704 First Nat. Bank'
 '145 E. 6th' '1811' '308' '1632' '3' '142 E. 4th' '906' '63' '33' '1127'
 '318' '1550 Chase ave.' '503' '616' '43 W. 5th' '43 Wiggins blk'
 '104 E. 3d' '540 Main' '3735 Spring Grove ave., Cumminsville' '801']",68
Cleveland,1912,"['719' '701' '652 E. 140th st.' nan '1923 E. 71st st.' '820' '258' '97'
 '221' '5604 Euclld ave.' '213' '413' '506'
 'Clair-Doan Hts. Alt. St. Clair' '495 E. 105th' '625' '407' '514' '720'
 '311' '913' '1009' '406' '822' '10427' '532' '706' '412' '784' '529'
 '227' '405' '1130' 'Cadwell & Euclid Hta, blvd.' '1812' '457' '801'
 '11709' '1984' '825' '912' '712' '880' '89' '1110' '4' '1514' '585'
 'Euclid blvd. & Coventry rd.' '1515-16' '804' '807' '9801' '309'
 '5609 Euclid ave.' '631' '1213' '501' '1011' '1008'
 'W. 26th & Lorain ave.' '429' '529-31' '1614' '314' '510' '7311' '1900'
 '8771 W. 25th' '734' '1019' '2330 E. 37th' '702 for Savings' '811'
 '10338 St. Clair ave' '512' 'Coventry rd. Shaker Hts.' '248' '409' '810'
 '18' '105th & St. Clair' '181' '408' '414' '8th' '1114' '511'
 '25th & Detroit' '405-6' '909' '219' '915 Huron rd., S. E.' '831' '267'
 '333' 'Kinsman & E. 119th' '914' '1365 E. 55th' '431' '2000 W. 25th'
 '235' '10608 Superior ave.' '911' '525' '710' '702' '816' '207' '908'
 '1510' '9753 Lorain ave.' '261' '201' 'Suite C' '11990 St. Clair ave.'
 '582' '44' '12213 St. Clair' '402' '728' '928' '1026' '947' '527' '722'
 '1327' '421' '621' 'Linndale rd., Rock-port' '420' '1329'
 'Fairmount blvd.' '1180' '1121-2' '606' '482' '1223 Lakeview rd., N.E.'
 '203' '1226' '1211' '228' '1007' '614' '507-10' '1234' '330'
 'Rice ave.. Newburg' '254' '517' '627' '516 Garfield ave.' '907' '609'
 '37' '705' '961' '887' '5917 St. Clair av., N.E.' '1013' '1330' '7' '718']",163
Columbus,1912,"[nan '316 S. High' '11% N. High' 'Gay & High' '114 N. High st.'
 '49 N. High st.' '10814 Mt. Vernon ave.' 'Cham. of Com.'
 'Cols. Sav. & Trust bldg.' '1311 W. Broad st.' '85 N. High st.'
 'Cols. Sav. & Trust' '86 N. High st.' '49% N. High' '19 N. High st.'
 'Cola. Sav. & Trust bldg.' '514 E. State' 'Cola. Sav. & Trust'
 '11% N. High st.' '2283 W. Broad st.' '101 N. High' '1207 N. High'
 '51% E. State st.' '9434 Mt. Vernon ave.' '2201 N. High st.'
 'Gay & High sts.' 'Cols. Sav. & Tr. bldg.' '186 E. 5th ave.'
 'Cols. Sav. & Trust bld.' '64 N. High st.' '29% E. Spring'
 '1654 N. High st.' '1004 N. High st.' '94 8. High st.'
 '1287 W. Broad st.' '2336 W. Broad' '9434 Mt. Vernon av.']",37
Dallas,1912,"[nan '111 Martin' '1221 Main st' 'Commerce st.' '1301 Commerce'
 '1007 Main' 'Main & Field' '1103 Main' '609' '510 Juanita' '719'
 '1801 Main' '403' '200' '1717 Live Oak' '207' '211' '408'
 'Commerce & Field' '111 Field' '839' '841' '416' '113 S. Austin'
 '1803 Main' '105 Fleld' '603' '1515 Main' '421' '720' '1307 Commerce'
 '1514 Main' '715' '1321 Commerce' '1310 Commerce' '905 Main' '1221 Main'
 '1209 Main' '706' '303' '111 N. Poydras' '515' '1005 Main' '804'
 '6224 Jefferson' '110 Field' '1021 Commerce' '1513 Main' '109 Field at.'
 '210' '816' '808' '1306 Commerce' 'S. W. E. Side & Hill' '203' '1'
 '2006 Elm' '625' '611' '414' '108 Field' '506' '106 Field' '602'
 '1407 Main' '1008 Main' '201' '1613 Main' '1408 Commerce st.'
 '102¼ N. Lamar' '627' '816 Main' '601' '1815 Main st.' '1813 Main'
 '901 Elm' '107 Field' '525' '105 Field' '109 Stone' '816 Maln' '409'
 '407' '1408 Commerce' '1004 Commerce' '414 N.' '209' '173 N. Lancaster'
 '1518 Elm' '502' '505' '106 E. Jefferson' '1611' '323 Commerce'
 '107 Field st.' '212' '8224 Commerce st.' '909 Commerce' '108 Field st.'
 '826 Wilson bldg.' '1305 Commerce' '208' '1st fl.' '1021 Main st.'
 '102 Field' '1109 Main' '604' '620' '109 Martin']",109
Denver,1912,"[nan '1734 Welton.' '1020 15th st.' 'Stout st.' 'W. 32d ave'
 '711 17th st.' '1718 Champa' '737 18th' '627 19th' '1433 Tremont'
 '638 17th' '825 17th' '406' '1724 Welton' '309' '508' '415' '1734 Welton'
 '210' '201' '527 17th' '535 17th' '929 17th' '258' '807' '802' '518'
 '845' '1010 16th' '408' '670' '604' '809' '612' '1038' '486' '634 17th'
 '502' '1536 Welton' '1818 Champa' '688 17th' '1021' '711 17th' '216'
 '200' '280' '1689 Champa' '226' '804' '205' '729 17th' '15 E. 1st ave.'
 '304' '8' '1526 Champa' '1740 Stout' '234' '1411' '1734' '635' '480'
 '524 17th' '15264 Champa' '211' '412' '812 17th' '821 W. 8th ave.'
 '1717 Stout' '922' '717 17th' '201 W. 4th ave.' '110 B. Broadway' '212'
 '401' '416' '919' '230 15th' '410' '609 17th' '614' '227' '323' '821'
 '10' '829' '324 17th' '308' '505' '612 18th' '1746' '510' '225' '523'
 '611 18th' '506' '633 17th' '209' '566' '1643 Champa' '203' '719 17th'
 '834' '511' '1784 Welton' '484 17th' '1549 Aгapahoe' '310'
 '14 Hughes bldg.' '508 Colorado bldg.' '301' '4604 Sheridan blvd.' '609'
 '305' '821 Colorado bidg.' '1518 Stout' '224' '630' '608' '615'
 '1628 Stout' '715 17th' '504' '1028' '364' '811' '805' '2400 W. 32d ave.'
 '2405 W. Dunkeld pl.' '417' '1528 Stout' '17 E. 1st ave.' '1724 Stout'
 '208' '514' 'W. 45th ave.' '1721 Stout' '1413 Broadway' '441' '519'
 '016 17th' '1648' '238' '3' '215' '1850 Calif.' '909' '827' '515'
 '1634 Champa' '236' '207' '338 17th' '825' '611' '204' '405'
 '3615 W. 32d ave.' '603' '467' '708 17th' '818 18th' '931 18th'
 '2945 Larimer' '812' '618 18th' '300' '31' '503' '1715 Lawrence' '325'
 '1619 Tremont pl.' '1816 Welton' '535' '7th' '683 17th' '1646 Broadway'
 '3010 Zuni' '5th fl. Ry. Exch. bldg.' '1501 Boulder' '823 17th' '346'
 '1759 Stout' '407' '19 S. Broadway' '531 E. Exposition ave.' '240'
 '1520 Champa' '111' '869' '816' '1736 Stout' '217' '206' '626'
 '8818 Downing' '2343 Curtis' '914 W. 8th ave.' '1134' '1941 Champa' '307'
 '422' '423' '403' '228' '221' '402' '1782 Welton' '125 Broadway'
 '1714 Champa' '2515 Sheridan blvd.' '214' '418' '229' 'Realty & Inv. Co.'
 '332' '36' '1783 Welton' '824 17th' '1475 S. Pearl' '633 15th' '920 17th'
 '1809 California' '533 17th' '918 19th' '583 17th' '1581 S. Broadway'
 '401 W. 4th ave.']",227
Detroit,1912,"['2196 W. Jeff' nan '176 Jeff ave.' '260 Randolph' '1112' '510' '10' '2'
 '911' '68' '504' 'Monroe & Randolph' '309' '812' '2887 Woodward'
 'Jeff & Utien' '6286' '682' '53' '1427' 'Gratiot & Chippewa' '1806' '693'
 '414' '621' '509' '800' '1821' '409' '66 Shelby' '1011'
 'Jeff E & Fairview' '31' '809' '326' '726' '720' '483' '1814' '1433'
 '701' '350 Hastings' '808' 'Jeff & Connors, Creek road' '214'
 'cor. Griswold & Larned' '619' '1022' '210' '802' 'Charlotte Apts.' '609'
 '613' '22' '87' '1823' '15' '188 Randolph' '202' '803' '1118' '65'
 'Grosse Pointe' '1724' '62' '18' '34 Bates' '511' '1810' '834' '86' '805']",72
Fort Worth,1912,"[nan '7th & Main' '607 Broadway' '509 Commerce' '704 Main st.'
 '414 Coommerce' '1010 Main' '1507 Main' '909½ Houston' '111 E. 4th'
 '108 Reynolds' '108 W. 11th' 'Main & Commerce' '1428 N. Main' '512 Main'
 '603½ Main' '1604 Jones' '107 E. 7th' '711 Main' '210 W. 7th' '618½ Main'
 '802 Houston' 'E. Exch. ave.' '908½ Main' 'Main & Ellis' '605 Houston'
 '710 Houston' '202 Reynolds bldg.' '1804 Alston ave.' '609 Throckmorton'
 '407¼ Main' '709¼ Main' '104¼ Main' '207 W. 10th' '908¼ Main' '506½ Main'
 '112 W. 11th' '2500. Prairie' '618¼ Main' '105 W. 6th' '812A Houston'
 'Annie ave. & F' '513 Main' '213 Wheat bldg.' '112 W. 9th' '202¼ Main'
 '21 Glen Walker' '111 E. 7th' '107¼ Main' '115 E. 4th']",50
Houston,1912,"[nan '905½ Congress av.' '1017 Texas ave.' 'Abals.' '419½ Milam st.'
 '214 Fannin st.' '410 Fannin st.' '10174 Congress ave.' '1018 Preston av'
 '815¼ Congress ave.']",10
Indianapolis,1912,"[nan '26 N. Delaware' '50 N. Delaware' '512 Coffey st.'
 '48d & Senate ave.' '46 N. Penn.' '149 E. Market st.' '160 E. Market'
 '530 E. 82d' '2506 W. Mich.' '1605 College ave.' '194 N. Meridian'
 '1436 English ave.' '4014 E. Wash.' '118 E. Market' '10 E. Market'
 '146 E. Market' '2726 E. Wash.' '102 N. Penn' '8820 E. Wash.'
 '121 H. Market' '553 W. Wash.' '88 N. Delaware' '84 Kentucky ave.'
 '35 Talbott' '52 N. Delaware' '18th & College' '108 N. Penn'
 '520 Meridian' '8818 E. 10th' '1110 Udell st.' '1800 Spann ave.'
 '2426 W. Mich.' '44 N. Delaware' '1854 E. Market' 'E. Market'
 '162 H. Market' '18 N. Delaware' 'Stewart pl' '186 H. Market st.'
 '3624 H. 25th' '187 E. Market at.' '128 E. Market' '2648 Northwest-'
 '155 E. Market' '151 E. Market' '40 N. Delaware' '143 E. Market'
 '127 E. Market st.' '124 E. Market' '127 E. Market' '180 E. Market st.'
 '2627 W. Mich.' '111 N. Penn' '120 E. Market' '2817 Clifton' '57 Baldwin'
 '16 N. Penn' '1101 W. 30th' '126 E. Market' '33 Talbott ave.'
 '200 N. Delaware' '116 E. Market']",63
Kansas City,1912,"['222 W. Lexington' nan 'Union Depot' '202 E. 10th' '921' '1808'
 '310-11-12' '609' '801-802' '310' '306' '810' '214' '704' '1303' '412-13'
 '217' '409' '709-10' '302' '1017' '410' '102' '927 E. 16th st.' '510'
 '1110' '204' '702' '417' '600' '7' '338-4' '401' '820 Main st.' '308'
 '923-4' '331' '101' '505' '218' '414 Grand Ave. Temple' '222'
 '9th, Nw. cor. Grand ave.' '920 Walnut' '9th, nw. cor. Grand ave.'
 '721-26' '9th, nw. cor, Grand ave.' '9th, nw. cor. Grand' '305' '703'
 '618' '1326' '920' '227' '1015 Grand Ave. Temple' '421' '523' '918' '412'
 '361' '1317' '325' '509' '800' '1826' '125 W. 9th' '311' '201' '500'
 '415' '309-12' '1026' '314 W. 10th' '1003 McGee st.'
 '1012 Baltimore ave.' '401 N.' 'Ne. cor. 12th & Oak' '808'
 '411 Westport ave.' '103-5 E. 11th' '506' '558' '606' '708'
 '1108 Commerce bldg.' '923' '407' '15 W. 9th' '209' '212' '615' '1029'
 '214-16' '336' 'Minnesota ave.' 'Main st.' 'Walnut' 'W. 13th'
 'E. 10th st.' 'Crystal ave.' 'E. 9th st' '10th & Grand' 'E. 8th'
 'Baltimore ave.' '709' '1016 Baltimore av.' '420' '602' '819' '901'
 '512-18' '818' '402' '330' '307' 'rm 7, se. cor. 14th & Grand' '1338'
 '406-7' '1012' '616' '835' '202 Westport ave.' '803 E. 15th' '222-23'
 '108' '961' '817-20' '103' '316' '904' '504' '208' '714' '317' '300'
 '2nd fi' '118' '566' '2310' '812' '424' '613' '215' '502'
 'ne. cor. 7th & Minnesota' '908' '328' '823' '206' '610-11' '303' '204-5'
 '309' '724' '1121' '216' '422' '202' '442' '914' '843' '408-10' '506-7'
 '822' '701' '716' '1510' '1401' '1106' '226' '809' '624'
 '624 Minnesota ave.' '214-17' '1' '210' '821' '881' '510 Minnesota ave.'
 '614 Grand Ave. Temple bldg.' '837' '413' '100' '607' '552' '723'
 'rm 5, 15 W. 10th' '318' '343' '511' '717' '525' '1020' '322' '804'
 '204-12' '806-7' '1000 Kas. ave., Rosedale' '912 Grand ave.'
 '1332 Grand ave.' '807 Independence ave.' '27th & Cleveland'
 '39th & State Line' '83d & Summit' '906 Ohio ave.' '28 E. 9th'
 '2603 E. 18th' '10th & Baltimore' '919 Baltimore ave.' '502 Grand Ave.']",210
Lexington,1912,"['134 W. Short st.' '158 W. Short st.' nan '117 E. Main' '150 W. Short'
 '157 W. Short st.' '205 E. Main' 'Short & Market' '144 W. Short'
 '166 W. Short' '125 Cheap Side' '140 W. Short st.' '136 W. Short st.'
 '123 E. Main' '140 N. Upper st.']",15
Los Angeles,1912,"[nan '314 Broadway' '108 W. 2nd st.' '24 W. 6th st.' '119 Ν.Highland'
 '142 S.Spring st.' '205' '819' '319' '54th & Vermont'
 'cor. Santa Monica & Lemona' '653' '2696 W. Pico' '202' '816 E. 5th'
 '4716 S. Vermont' '628 W. Vernon' '615' '445' '805' '422-23' '422'
 '504 Mason' '459 S. Olive st.' '825' '220' '608-9' '802' '404 Douglas'
 '767' '502' '134' '5303 Moneta ave.' '433 I. W.' '518'
 'Broadway, 8th & Hill' 'Wash & 7th ave.' '400' '903' '313' '812' '512'
 '614' '601' '640' '439' '624' '54294 Monte Vista' '3412 San Pedro'
 '1102 E. 56th at' '700' '520' '609' '306' 'Hilyd. blvd. & Vermont' '1001'
 '523' '613' '616' '404' '816' '409' '226' '608' '111 S. Broadway' '911'
 '1543 Central ave.' '301-3' '210' '2300 S. Union' '219' 'H. W.'
 '2123 1st' '525 San Frenando' '2101 E. 4th' '1105' '211' '504-6'
 '824 Douglas' '527' '223-4' '703-05' '304' '511' '204' '507 I. W.' '326'
 '5701 Moneta ave.' '123 S. Broadway' '524 I.' '629' 'Colo. & Eagle Rock'
 '264 S. Broadway' '629 I. W.' '118' 'Slauson & Long Beach' '238' '325'
 '729 H. W.' '933' '305' '726' '610' '708' '506-8-10' '235'
 'Catalina & Pico' '806' '322 H. W.' '39th & Western' 'Hollywood blvd.'
 '231' '406' '407' '212' '209' '308' '56th & S. Park ave.' '317' '521'
 '713' '910' '429' '818' '203' '64th & Normandie' '200'
 '2128 W. Jefferson st.' '536 H. W.' '731' '121' '408' '826 S. Spring'
 '229 I. W.' '210 H. W.' '206' '101' '1021' '3553' '126' '3807'
 '731 H. W.' '302' 'Main Office 420-22-24' '128 W. Hollywood blvd.'
 '710 Grosse' '622' '3746 Stephenson' '626' '332' '304-5' '600' '853'
 '1600 Arlington' 'Stephenson & Indiana' '84th & Vermont' '321' '420'
 '822 Fair Oaks' '215' '228' '1218 W. 2nd st.' '318' '510' '618'
 '6294 S. Main' '4716' '401' '418' '732' '5th & Wilton' '624 I. W.'
 '201 N. Bdwy' '8152 S. Hoover' '811' '446' '324 W. 6th'
 'N. Y. blvd. & Pusa-' '817 S. Hill' '353 S. Hill' '6027 Mo-'
 'Moncta & Vornon' '336 W. Hollywood' 'Morgan pl. & Hollywood'
 'Eagle Rock near Annan-' 'Wilton pl., nr Pico' '228 W. 2nd'
 '3623 N. Bdwy' '147 N. Spring' '112 W. 6th' '3328 S. Main'
 'Dalton & Vernon' 'rm 6-8, 143 S. Bdwy' 'Mission & Fair Oaks'
 '406 S Hill' '2115 W. Jefferson st.' '330 S. Hill'
 'Moneta ave. & 96th st.' 'rm 4, 15214 S. Bdwy' '5341 Pas. ave.'
 '2119 W. Jefferson' 'cor Hollywood blvd &' 'rm 2, 1214 S.' 'Pico & Dewey'
 '3110 E. 1st' 'Pico near Oxford' '2105 W. Jeff' '108 W. Hollywood blvd.'
 '630 8. Spring.' '6th & Hill' '800 E. Hollywood blvd..' '5006 S. Park'
 '41st & Moneta ave.' '704 Ave. 64' '420 W. 6th st.' '120 W. 7th st.'
 '224 Wilcox' '641 S. Main' '135 8. Bdwy' '340 S. Hill st.'
 '839 8. Hill st.' '1802 N. Vermont' '2917 Maple av' '308 S. Hill st.'
 'Vermont & Franklin' '729 S. Hill' '3413 S. Vermont' '329 S. Hill'
 '757 S. Hill' 'Melrose & Gower' '1601 Arlington' '4901 Moneta'
 '4th & Hobart blvd.' '741 S. Main st.' '45th & Dalton'
 'Hollywood blvd. & La Brea' '147 S. Broadway' '815 S. Hill'
 '692 S. Alvarado' '1228 S. Olive' '61st & Moneta' '319 S. Hill'
 '127 W. 1st' '131 Spring' '1315 E. 12th st.' '618 Grant' '126 Coulter'
 '2080 San Pedro' '4500 Central' '54th & Moneta' '2912 San Pedro'
 '705 W. 6th st.' '443 Chamber of Commerce' '4th & Hill' '1954 1st st.'
 '414 S. Hill']",256
Milwaukee,1912,"['cor. 3rd & Prairie' '591 Lincoln ave.' nan '400 Greenbush st.'
 '506 Mitchell' '612 Walnut' '2451 Lisbon ave.' '2103 North ave.'
 '133 Mason' '5312 Greenfield ave.' '486 Mitchell' '751 Muskego ave.'
 '433 15th ave.' 'Lake Bluffs off Cottage ave & Whitefish Bay rd.'
 '418 National ave.' '312 National ave.' '305, 222 Grand av.'
 '294-6 Broadway' '31 Juneau ave.' '1009 Bremen' '638 Mitchell' '525 12th'
 '1711 Fond du Lac ave.' '262 13th' '293 6th' '217 West Water' '1029 3rd'
 '135 Grand ave.' '259 Third st.' '3rd & Garfield' '1227 Walnut'
 '17, 112 Wisconsin' '493 Mitchell' '1130 Walnut' '83-85 Michigan'
 '213 W. Water' '1487 Green Bay ave.' '378 National' 'West Allis'
 '1220 1st' '467 Grove' '53d & National av.' '542 Mitchell'
 '296 West Water' '847 Lapham' '395 Broadway' '53rd & Greenfield ave.'
 '846 Racine' '290 3rd' '512 State' '744 3rd' '45 Clark'
 '181 Church Wauwatosa' '800 Deleware ave.' '134 Grand Ave.'
 'Broadway & Michigan' '345 3rd' '82 Mason' '89 Oneida' '715½ Layton ave.'
 '198 W. Water' '1211 Walnut' '112 Wisconsin' '2nd Floor'
 '1143 Wells bld.' '206' '102 Wisconsin st.' '410 Caswell blk.' '1021'
 '254 Mason st' '508 12th st.' '44' '701' '2326 Vilet' '409' '103'
 '417 Greenfield ave.' '1315 Wells bldg.' '518' '14' '12' '502'
 '1309 Kinnikinnic ave.' '2323 Lisbon Ave.' '504' '424' '434 Mitchell'
 '1215' '715' '82' '201' '455' '1000' '938 Kinnikinnic' '212' '846'
 '97 Wisconsin' '2802 Lisbon ave.' '1806' '513' '642 12th' '8 Mason'
 '1004' '509' '483 Reed' '1519 State' '467 11th' '888' '805' '438'
 '631 Vilet' '2nd fl.' '48' '490 Russell ave.' '406' '8321 Lisbon ave.'
 '599 10th' '123 Grand av.' '1486 Hopkins.' '1004 Kinnikinnic ave.'
 '836 Wells bldg.' '405' '290 8rd' '391 Mitchell' '125 2nd st.' '4th fl.'
 '988' '523 Wells bldg.' '306. 445 Milwaukee' '110' '519' '403'
 '1121 Vliet' '600 3rd' '2328 Walnut' '3426 North ave.' '200' '531 8rd'
 '542' '708' '1258' '1001 Wells']",142
Minneapolis,1912,"[nan '2204 Grand avό.' '101 S. 10th st.' '109 S. 5th' 'N. Plymouth'
 'W. 36thst.' '207 Central ave.' '303 Hennepin ave.' '7 Univ. ave. Ne.'
 '907 1st ave. S.E.' '2512 Central ave.' '923 20th ave. N.' '119 S. 7th'
 '221' '8008 Hen.' '305' '419' '209' '417' '600' '735'
 '1301 Wash, ave. N.' '3754 Minnehaha av.' '826' '416' '617' '409' '715'
 '530' '507' '438' '620 1/4 Nicollet' '210' '820' '1127' '1129' '700'
 '718' '506' '814' '618' '804' '619' '204' '518' '252' 'ith & Central'
 '1051' '402' '321' '524' '522' '203' '319' '408' '323' '527'
 '489 Smelling ave.' '803' '301' '1016' '811' '418' '415' '427' '502'
 '300' '207' '635' '538' '485' '435' '480' '606' '639' '14 S. 5th' '802'
 '616' '311' '701' '609' '516' '103' '925' '327' '515' '829'
 '2411 Central ave.' '629' '780' '801' '583' '226' '401' '413' '414' '504'
 '908' '638' '816' '800' '304' '936' '216' '123' '159 Snelling ave. N.'
 '815' '314' '933' '610' '104' '823' '588' '810' '202 Central ave.'
 '2121 Univ. ave. Ne.' '54 Rd st.' '720' '340' '817' '1141' '225'
 '424 ad ave. 8.' '805' '1229' '202' '224' '411' '1918 Wash. ave, N.'
 '116 S. 4th' '852' '317' '206' '707' '527 1st ave. S.']",135
Nashville,1912,"[nan '310 3d ave., North' '1211' '212 Union' '819 1st Natl. Bk.'
 '304 Stahlman' '206 Unton' '300' '815 4th ave. N.' '733 Stahlman'
 '11 Noel blk.' '162 4th ave., N.' '208 Union' '58 Arcade' '505'
 '34 Cham. of Com.' '10 Arcade' '17 Arcade' '414 Church' '4074 Union'
 '211 1st' '306 3rd ave. N.' '28 Cole bldg.' '24' '1019 Stahlman'
 '306 3rd ave. Ν.' '315 4th ave. N.' '2 Stahlman' '29 Cham. of Com.'
 '206 Union' '19 Arcade' '1013 Stahlman' '1st floor' '316 4th ave. N.'
 '56 Arcade' '210 Union' '327 Union' '411½ Union' '307 4th ave. N.'
 '4114 Union' '412 Church' '402 Stahlman' '48th ave. & Centennial Blvd.'
 '1' '207 Union' '241 4th ave. Ν.' '823 Stahlman' '7 Arcade' '5'
 '220 Union' '703 Stahlman' '241 4th ave. N.' '210% Union' '215 Stahlman'
 '410 Cedar' '1105 lat' 'Ist fl.' '30 Noel blk.' '220 Unlon' '311'
 '8 Noel blk.' '303 4th ave., N.' '3104 Union' '312 3d ave., N.'
 'Cherry & Deaderick' '304 3rd ave. N.' '609 1st' '231 3rd ave. N.'
 '814 Church' '614' '64 Arcade' '216 5th ave. N.' '216 6th ave. N.'
 '418 Union']",74
Newark,1912,"['142 Market' '735 Broad' '156 Market' '83 Montg.' '796 Broad' '784 Broad'
 '474 Broad' '516 Clinton' '516' '828 Broad' '164 Market' '845 Broad'
 '792 Broad' '40 Clinton' '776 Broad' '762 Broad' '928' '800 Broad'
 '80 Clinton' '62 Market' '185 Market' '312' '810 Broad' '642 N. 7th'
 '189 Market' '605' '16 Bid ave.' '263 Bank' '81 Clinton' '624'
 '45 Clinton' '780 Broad' '738 Broad' '667 Bergen' '494 Broad'
 '22 Clinton' '9 Clinton' '98 Bloomfield' '278 Central ave.' '786 Broad'
 '142 Mkt. st.' '110 Spruce' '58 Prince' '220 Wash.' '324' '92 Market st'
 '225 Broad' '324 Market' '104 S. Orange' '876 Broad' '15 Clinton'
 '443 Broad' '416 Union' '25 Oakland' '213' '192 Market' '786 Broad st.'
 '1308' '752 Broadway' '752 Broad' '904' '736 Broad' '142 Market st.'
 '613 Springfield' '999 S. Orange ave.' '105 Rosevil' '302 Union'
 '2 Foye pl.' '823 Clinton' '343 W. Kinney' nan '164 Midland'
 '122 Market st.' '228 S. 7th.' '919' '43 Clinton' '238 Washington'
 '870 Broad' '37 Avon ave.' '164 Mkt.' '586 Market' '236 Bank' '361 15th'
 '122 Market' '23 Clinton' '188 Market' '784 Board st' '55 Werquahic'
 '278 Washington' '120 Belmont' '740 Broad' '849' '756 Broad' '17 Academy'
 '779 Broad' '507 Orange' '752 De Graw ave.' 'Belleville ave.'
 '196 Market' '166 Morrx ave.' '221 Clinton ave.' '118 Market st.'
 '763 Broad' '188 Market et.' '800 Broad st.' '81 Astor' '222 Washington'
 '21 Academy ave.' '1022 Springfield' '221 Springfield ave.' '64 Jones'
 '105 Roseville ave.' '127 Roseville' '7 Washington' '741 Broad'
 '518 Market' '786 Broadway' '402' '138 Court' '760 Broad st.'
 '344 Van Buren' '416' '222 Market st.' '850 Belvil ave.' '582 Broad st.'
 '7 Belvil ave.' '828 Broad st.' '16 Clinton' '275 Mulbery'
 '220 Washington' '671 Broad st.' '815 Sumner ave.' '68 Washington'
 '18 Bathgate pl.' '6 N. J.' '815' '10 Eliz. ave.' '486 Orange'
 '788 Broad st.' '481 Broad st.' '823 Broad st.' '784 Broad st.'
 '740 Broad st.' '741 Broad st.' '124 Market' '298 Bergen st.']",146
Philadelphia,1912,"['Chestnut st.' '1215 Market st.' '1118-20 Chestnut st.' ...
 '5th c. Christian' '1502 Fkd. ave.' '2786 Indiana']",1053
Phoenix,1912,"[nan '15 N. 1st ave.' '134 W. Wash. st.' '11th & Portland sts.'
 '16-18 Central ave.' '33 E. Adams st' '31 W. Adams st.' '42-44 N 1st st.'
 '33 E Adams st.' 'cor. Adams & Central' '210 W. Wash. st.'
 '543 W. Adams st.' '11 N. 1st ave.' '83 Central ave' '35 E Adams st.'
 '18 W. Wash. st.' '4 W. Adams st.' '7 W. Adams st.' '406 Nut'
 '110 Central ave.' 'Jeff. st. & 1st ave.' '42 ½ W Adams st.'
 '7 Nicholson bldg.' '18 N. 1st ave.' '16 W. Adams st.' '19 W. Adams st.'
 'Cent. & Wash' '505 N. 6th st.' '46 N. 1st st.' '10 N. 2nd ave.'
 '30 Central ave.' '34-36 W. Adams st.']",32
Pittsburgh,1912,"[nan '528 E. End ave.' '307 4th ave.' '327 4th ave.' 'Fourth ave.'
 '341 4th ave.' '514 Federal st.' 'Allison Park' '800 Federal st.'
 '722 E. Diamond' '121 S. Sheridan ave.' '1004 5th ave.' '24 Shiloh st.'
 '284 Southern ave.' '206 Market st.' '339 5th ave.'
 '16 Hawley ave. Bellevue' 'Lincoln ave. ext.' '538 Lincoln ave. Bellevue'
 'Wood & Ross' '429 4th ave.' '732 Ross ave.' '890 5th ave.'
 '336 4th ave.' '7705 Frankstown' '424 4th ave.' '514 Smithfield'
 '210 Fourth' '721 Homewood ave.' '1730 5th ave.' '806 Homewood ave.'
 '6104 Penn. ave.' '5941 Penn. ave.' '5931 Penn ave.' '712 Jackson st.'
 '6125 Penn. ave.' '822 Wood st.' '331 4th ave.' 'Hazelwood & Murray'
 '121 Washington ave.' '6226 Penn. ave.' '522 Chartiers ave.'
 '911 Homewood ave.' '5001 2nd ave.' '324 4th ave.' '1014 Chestnut st.'
 'Ross ave.' '425 4th ave.' '419 Mill st.' '1922 Forbes st.'
 '3707 Forbes st.' '4029 Butler st.' '115 Greenfield' '422 Federal st.'
 '12 N. Diamond st.' '8707 Forbes st.' '316 4th ave.' '1441 Wood Run ave.'
 '407 4th ave.' '7806 Frankstown' '6281 Penn ave.' 'Broadway'
 '214 E. Ohio' '402 Grant st.' '4829 Liberty ave.' '281 Southern ave.'
 '3939 Perrysville ave.' '807 4th ave.' '1913 Carson st.' '504 Diamond'
 '1822 Center are.' '503 Mill st.' '239 4th ave.' '710 Wood st.'
 '801 Smithfield st.' 'Alvine St.' '405 4th ave.' '120 Federal st.'
 '320 4th ave.' '434 4th ave.' '4803 2nd avo.' '910 Homewood ave.'
 '604 Rebecca st.' '307 5th ave.' '1006 Penn ave.' '450 4th ave.'
 '216 S. Main st.' '405 Federal st.' '502 Wood st.' '237 4th ave.'
 '1901 St. Clair Terrace' '421 Wood st.' '720 Homewood ave.'
 '4737 2nd ave.' '(Treas. Com. Real Est. Co.)' '700 Wood st.'
 '509 Lincoln ave., Bellevue' '740 Penn ave.' '518 Chartiers st.'
 '1509 Carson st.' '904 East st.' '113 4th ave.' '2021 Carson st.'
 'Center & High- land' '133 5th ave.' '245 4th ave.' '117 W. Ohlo st.'
 '621 W. Diamond at.' '6022 Center ave.' '440 4th ave.' '484 4th ave.'
 '232 4th ave.' '248 4th ave.' '1317 Wylle ave.' '7227 Penn ave.'
 '204 Hiland bldg.' ""11th ft. People's bld"" '806 Wylie' '1720 5th ave.'
 '6024 Penn ave.' '323 4th ave.' '726 Penn ave.' '6305 Frankstown av.'
 '44 Shiloh st.' '5200 Butler st.' '1312 Beaver ave.'
 '5708 Mignonette st.' 'RL Est. Agt. P. R. R. Co., 200 9th st.'
 '407 H. Ohio st.' '841 4th ave.' '168 Washington ave.' '128 Carbon st.'
 '436 4th ave.' '4779 Liberty ave.' '118 4th ave.' '5004 Penn ave.'
 '8101 Penn ave.' 'Locust & Sedgewick' '3437 Butler st.' '6004 Penn'
 '78 Fulton st.' '6309 Frankstown ave.' 'Lincoln & Brighton. Blvu'
 '1712 5th ave.' '483 4th ave.' '541 Wood' '527 Federal st.'
 '615 W. Diamond' '1611 Penn ave.' '50 Washington ave.' '5200 Penn ave.'
 '238 4th ave.' '412 Calif. ave., Avalon' '94 Washington'
 '116 W. Ohlo st.' 'Howard & Webster' '4064 Penn ave.'
 '3304 Perrysville ave.' '8214 Frankstown ave' '621 W. Diamond st.'
 'New Bryant & N. High- land' '93 S. 16th st.' '119 Steuben st.'
 '402 Balley ave.' '626 N. Homewood' 'Frankstown & Sandy Creek rd.'
 '202 Morgan' '311 4th ave.' '139 8. Highland ave.' '235 5th ave.'
 '430-432 4th ave.' '516 Federal st.' '5307 Butler st.'
 '1914 Monongahela av' '200 Brushton av.' '146 6th st.' '223 4th ave.'
 '216 Lincoln, Blvu.' '4828 Liberty ave..' '1213 Southern ave.'
 '232 5th ave.' '7303 Hamilton ave.' '72 Washington ave.' '101 Tennyson'
 '500 Lincoln ave., Bellevue' '22 N. Diamond, F..' '5008 Penn ave.'
 '618 Wood st.' '300 Federal st.' '421 Brushton ave.' '6124 Penn ave.'
 '5237 Butler st.' '807 5th ave.' '706 South ave.' '5104 Penn ave.'
 '1805 Carson st.' '2728 Chartiers ave.' '326 4th uve.' '4th ave.'
 '1743 2d ave.' '5421 Walnut st.' '603 E. Ohio at.' '6424 Frankstown ave.'
 '1644 Potomac ave.' '625 3d ave.' '115 Sheridan ave.' '406 Grant St.'
 '104 Federal st.' '6011 Center ave.' '789 Rebecca st.' '4110 Penn ave.'
 '6102 Penn ave.' '652 Preble ave.' '123 S. Highland ave.'
 '214 Grant ave.']",215
Portland,1912,"[nan '1629 E. 18th st.' 'Box 707' '1112 Clinton' '227½ Wash.'
 '245¼ Morrison' '170 5th' '245¼ Wash' '1461 W. 7th' '675 Alberta'
 '1312 Belmont' '107 W. Burlington, St.' '206 Madison' '249 4th' '66 6th'
 '208 Alder' '128 3d' 'E. 22d & Brazce' 'Columbia blvd. & Depot.'
 'Foster rd., Lenta' '267¼ Oak' '106 2d' '115 Grand ave.' '250% 3d'
 '3364 Wash.' '171 3d' 'Millard ave. & Kindorf rd.'
 'Woodstock ave. & 41st, E.' '310 Oak' '60th & Belmont' '252 Alder'
 '549¼ Williams ave.' 'E. 4ith & Bandy rd.' '246¼ Yamhill'
 '64 Union ave., S.' 'E. 19th & Hawthorne ave.' '1021 Hawthorne av.'
 '205 Morrison' '248 Madison' '110 N. Jersey. St. Johns' '590 Broadway'
 '226 Stark' '60th & Hawthorne ave.' '83 5th' '790 Washington'
 '193 Morrison' '384 Hawthorne ave.' 'Williams ave. & Killings-worth'
 '232 Washington' '1684 E. 12th' '221 Morrison' '113 Jersey, St. Johns'
 '243 Stark' '253 Wash' '552 Union ave., N.' 'Grays ave. & Nelson'
 '1112 E. Clinton' '44 E. 80th, N.' '381 1/2 E. Mor-rison' '969 Union ave'
 '789 1/4 Mississippi ave.' '122 6th' '58th & Sandy rd.'
 '1021 Hawthorne ave.' '347 E. 15th, N.' 'Union ave. & Alberta'
 '696 Williams ave.' '250 1/4 Alder' '1378 Greeley' '1251 E. 30th, N.'
 'Foster rd. nr. 41st ave.' '89 3d' '309 N. Jersey St.' '145 1/2 1st'
 '232 1/2 Wash.' '1531 Killingsworth ave.' 'Glenn ave. & Hawthorne ave.'
 'E. 52d & Sandy rd.' 'E. 41st & Woodstock ave.' '244 Stark'
 '16th & Brazee' '88 10th' '1414 1st' '411 Hawthorne ave.'
 '311 N. Jersey, St. Johns' '886 Union ave., N.' '616 Williams ave.'
 '404 E. Alder' '448 Dekum ave.' 'Main & Johnson, Lents' '285 Russell'
 '246½ Yamhill' '1518 13th' '818 Lombard' '819 Union ave., N.' '104 2d'
 '392 E. Burnside' '228 Stark' '260¼ Alder' '268 Stark' '245¼ Yamhill'
 '364 N. 26th' '884 3d' '206¼ Morrison' '913 Lombarıl' '1155 Belmont'
 '420 N. Jersey, St. Johns' '105 E. Morrison' '123 Russell'
 '5917 Kindorf rd.' 'Tolman & Milwaukle rd.' '8928 52d, S. Ε.'
 'Archer pl.' '1923 S. Glisan' 'E. 44th & Hawthorne'
 'Main & Johnston, Lents' 'Millard ave. on Mt. Scott Line' '2022 E. Stark'
 '265 Stark' 'E. 41st & Holgate' 'E. 30th & Alberta' '133 1st' '62 6th'
 '183 1st' 'Mississippi & Killinge-worth ave.' '250 Alder' '861 Muryland'
 '638 Williams ave.' '208 Jersey, St. Johns' '14 N. 6th' '15 N. 5th'
 '712 Williams ave' '6th ave. & Dekum' '1254 Hawthorne' '3d & Oak'
 '1980 E. Stark' '1046 Hawthorne av' '1918 Base Line rd.'
 '998 Williams ave., N.' 'E. 24th & Alberta' 'Glenn ave & Hawthorne'
 '1224 6th' 'cor. High & 41st' 'Derby & Argyle, Kenton' '235 Stark'
 '257 Russell' 'E. 88th & Belmont' '238 Stark' '76th & E. Glisan'
 '1665 E. 13th' '102 4th' '5848 Foster rd.' '684 Dawson' '167 W. Park'
 '185 Columbia' '41st & Gladstone ave.' 'Mora & Foster rd.' '233 Stark'
 '269 Oak.' '1000 Belmont' 'E. 36th & Hawthorne ave.' 'E. 69th & Belmont'
 '141 1/2 1st' '504 Clark' 'Sec. Line rd & 60th' '59th ave & 72d'
 '1653 Fiske' '286 Oak' 'E. 72d & Glisan' '1046 N. Union ave.' 'Lakeview'
 '33 N. 4th.' '85 4th' '1685 E. 13th' '414 E. Stark' 'E. 71st & Stark'
 '107 W. Burlington, St. Johns' '248 1/2 Stark' 'Foster rd & Morrow'
 '70th' '105 1/2 Villa ave.' 'Lents' '92 1/2 1st' '5018 72d S. E.'
 '1606 E. 13th' '1606 Division' '288 3d' '401 S. Jersey, St. Johns'
 '227 Front' '8414 Mississippi ave.' '1291 Greeley']",191
Providence,1912,"['405-A' nan '753 Westminster' '610' '601' '630' '524 Westminster'
 'Auburn' '31 Market sq.' '42 Weybosset' '23 Weybosset' '37 Weybosset'
 '85 Cranston' '171 Westminster' '730' '530' '262 N. Main'
 '114 Westminster' '614' '107 Westminster' '28 Weybosset' '32 Westminster'
 '557 Westminster' '75 Westminster' '112 Plain' 'Cedar Tree Point'
 'Market sq.' '19 College' '15 Westminster' '514' '609' '415'
 '87 Weybosset' '742' '59 Peck' '17' '76 Dorrance' '419' '404' '502'
 'Pawtucket' '812' '42 Westminster' '8 Weybosset' '735A' '49 Weybosset'
 '86 Weybosset' '289' '201' '335 Westminster' '27 N. Main' '212 Union'
 '102' '317' '27' '818' '130' '100 Stewart' '60 Weybosset'
 '801 Westminster' '408' '319' '288' '536' '72 Weybosset' '4 Weybosset'
 '19 Messer' '29' '145 Atwells ave.' '420' '77 S. Main' '153 Weybosset'
 '4 Market sq.' '35 Westminster' '96 Harris ave.' '144 Westminster'
 '84 Westminster' '441']",78
Sacramento,1912,"['719¼ K st.' '1207 6th st.' '209-11' '2825 36th' nan '623 J' '618 J'
 '912 6th' 'Rm. 220' '419' '1114 10th' '1021 9th' '2818 35th' '2425 10th'
 '1700 G' '800 J' '301' '1006 4th' '1125 8th' '3319 Sacramento av.'
 'Rm. 8-5 429 J' '2924 35th' '605 J' '35th & Cypress' '613 J' '1036 6th'
 '411 J' '581 J' '724 J' '410' '225-6' '217-18-19' '1023 9th' '1107 8th'
 '620 J' '1004 K' '617 J' '504¼ J' '803 J' '529 J' '1023 8th' '1112 10th'
 '708 J' '1010 9th' '818' '35th & Park ave' '335-7' 'Rm. 4' '827 27th'
 '1025 8th' '1015 4th' '701 I' '1027 K' '488-4' '426' '2d & G' '407'
 '1037 8th' '1011 7th' '1014 7th' '1010 7th' '217-19' '1006 7th' '425 J'
 '1008 8th' '607 T' '1112 8th' '1417 6th']",68
Saint Louis,1912,"[nan '7 Vandeventer Place' '8607 N. Broadway' '200 N. 2d st.' '905 Pine'
 '925 Chestnut st.' '706 Chestnut st.' '5171 Dresden ave.' '2840 Olive'
 '17th & Olive' '622 Chestnut st.' '820 Chestnut st.' '808 Chestnut st.'
 '102 N. 8th' '3818 Laclede' '6424 Michigan ave.' '805 Chestnut st.'
 '5897 Delmar' '17 N. 8th' 'yth & Chestnut' '8800 S. Broadway'
 '610 Chestnut' '1011 Chestnut st.' '609 Chestnut st.' '6428 Michigan'
 '1002 Chestnut st.' '9th & Pine' '510 Chestnut' '808 Chestnut'
 '812 Chestnut' '826 Chestnut' '1109 Chestnut' '612 N. Taylor ave.'
 '618 Chestnut' '1016 Chestnut' '108½ N. 8th' '1914 Delmar ave.'
 '806 Chestnut' '716 Chestnut' '2780 Sutton' '60½ Chestnut' '20 N. 7th'
 '1106 Chestnut' '810 Olive' '118 N. 7th' '16 N. 8th' '700 Chestnut'
 '713 Chestnut' '504 Bank of Com. bldg.' '6888 Easton ave' '106 N. 9th'
 '719 Chestnut' '807 Chestnut' '2715 Clifton ave.' '8602 N. Broadway'
 '7 N. 8th' '816 Chestnut st.' '1026 Chestnut st' '104 N. 9th'
 '6065 Maple' '818 Chestnut' '2918 Olive' '121 N. 8th' '325'
 '617 Chestnut' '616 Chestnut' '701 Chest-' '907 Chestnut'
 '8th & Chestnut' '714 Chestnut' '905 Chestnut' '702 Chestnut'
 '111 N. 7th' '423 Chestnut st.' '7th & Pine' '611 Chestnut'
 '5415 Arsenal' '917 Chestnut' '1009 Chestnut st.' '707 Chestnut'
 '104 N. 8th' '717½ Chestnut' '110 N. 8th' '919 Chestnut' '903 Chestnut'
 '925 Chestnut' '100 N. 8th' '14 N. 8th' '109 N. 9th' '824 Chestnut st.'
 '3615 N. Broadway' '921 Chestnut' 'Sw. cor. 10th & Chest-' '823 Chestnut'
 '19 N. 8th' '6721 S. Broadway' '717 Chestnut' '22 N. 8th'
 '2407 N. Broadway' '109 N. 7th st.' '801 S.' '608 Chestnut'
 '614 Chestnut' '608 Chestnut st.' '615 Chestnut' '2712 N. 14th'
 '812 Olive' '211 N. 7th' 'Okla. Alfalfa' '10 S. 8th' '1011 Chestnut'
 '804 Chestnut' '6818 Michigan av.' '103 N. 8th' '708 Locust'
 '805 Chestnut' '711 Chestnut' '1008 Chestnut' '902 Chestnut'
 'Grand & Juniata ave.' '1138 Chestnut' '813 Chestnut st.' '816 Chestnut'
 'Fire & Tornado' '1502 St. Louis ave.' '1001 Chestnut' '915 Chestnut'
 '8444' '229 Title Guar. bldg.' '108% N. 8th' '4459 Easton'
 '6600 Wells ave.' '203 Lemay Ferry rd.' '822 Chestnut' '810 Chestnut'
 '2608 S. Jefferson ave.' '909 Chestnut st' '704 Chestnut' '210'
 '1009 Cheat-' '3512 Easton' '107 N. 8th' '9th & Chestnut'
 '604 Chestnut st.' '8th & Locust' '5969 Easton ave.' '6911 S. Broadway'
 '2018 E. Grand ave.' '4th & Pine' '119 N. 8th' '1105 Chestnut'
 '1023 Chestnut' '108 N. 9th' '17 N. 7th' '800 Chestnut'
 '4111 Manchester ave.' '1836 N. Jefferson' '7344 Manchester ave.'
 '718 Chestnut' '708 Chestnut' '2207 N. Broadway' '3604 N. 14th'
 '6401 Manchester rd.' '723 Chestnut' '8112 N. Broadway' '1006 Chestnut'
 '626 Chestnut' '1908 S. 12th' '7 Vanventure' '5628 Easton ave.'
 '1901 Market' '4527 Easton ave.' '1518 Cass ave.' '821 Chestnut st.'
 '4701 Delmar' '1134 Chestnut st.' '911 Chestnut' '8631 N. Broadway'
 '1004 Chestnut st.' '18 N. 8th' '1109 Chestnut st.' '107 N. 7th'
 '1136 Chestnut' '1005 Chestnut' '720 Chestnut' '8212 N. Broadway'
 '20 N. 8th' '609 Chestnut' '705 Chestnut' '802 Chestnut' '1107 Chestnut'
 '817 Chestnut' '5971 Easton ave.' '1004 Chestnut' '824 Chestnut'
 'Winnebago & Gravois ave.' '1829 S. 18th' '1002 Chestnut'
 '4006 Chouteau ave.' '8607 N. Bway' '6209 Easton ave.'
 '7289 Manchester ave.' '828 Chestnut' '819 Chestnut' '6141 Bartner ave.'
 '5008 N. Bdway' '105 N. 5th' '814 Chestnut' '411 Olive' '425 Schirmer'
 '1021 Chestnut' '20 S. 11th' '624 Chestnut' '108 N. 8th' '10 N. 8th'
 '2925 S. Broadway' '15 N. 7th' '600 Chestnut' '306 Chestnut'
 '820 Chestnut']",220
San Antonio,1912,"[nan '109 ave. D.' '220 E. Houston st.' '128 E. Crockett st.'
 '210 E. Houston st.' '101 Martinez st.' '209 W. Commerce st.'
 '511 Navarro st.' '111 N. Olive st.' '118 E. Houston at'
 'Navarro & W. Commerce sta.' '102 W. Houston st' '108 ave'
 ""211 St. Mary's at."" '224 W. Commerce st.' '107 Ave. C.'
 '428 Navarro st.' '118 E. Houston st.' '415 Navarro st.' '101 W. Houston'
 '507 Navarro' '313 Navarro at.' '419 Navarro st.' '108 Ave. C'
 '106 E. Houston st.' '220 H. Houston st.' '320 E. Houston'
 '215 W. Commerce st.' '229 E. Houston st.']",29
San Diego,1912,"[nan '1524 D St.' '1201 5th st.' '1047 5tb st.' '1723 D st.' '936 5th'
 '330 Granger' 'Nw. cor. 5th & D' '018 6th' '1055 4th' '1440 E' '1421 F'
 '701 6th' '1326 B' '224 Granger' '913 6th' '1432 E' '926 7th' '14 N. D'
 '1637 D' '715 Logan' '922 6th' '1444 E' '2d & D' '1336 B' '6th and E'
 '509 Union' 'Express blk.' '1615 F' '1047 5th' '1525 D' '3865 5th'
 '759 6th' '1310 D' '1332 D' '1227 5th' '41st' '064 6th' '1051 4th'
 '1020 4th' '1200-2 4th' '1629 D' '1548 D' '17 Fox Heller' '1132 & F'
 '1328 D' '654 6th' '304 Granger' '689 Logan' '939 6th' '1426 E' '826 7th'
 '964 6th' '1322 B' '767 5th' '850 7th' '1437 E' '919 6th' 'Ocean Beach'
 '1220 D' '1041 1st' '1082 4th' '1021 4th' '3871 6th' '1527 E' '1142 D'
 'Adams ave.' '1410 F' '1429 D' '1519 D' '1109-11 D' '1123 4th' '920 D'
 '1723 D' '1548 E' '1255 5th' '830 5th' 'Park blvd.' '1602 E' '7th & E'
 '918 6th' '1028 2d' '1829 E' 'Lakeside' '1419 D' '1528 D' '872 8th']",87
San Francisco,1912,"[nan '811 California st.' '760 Market.' '251 Migy.' '325 Bush'
 '1166 Vinca' '179 Corbett ave.' '68 Pont' '128 Sutr' '251 Mtgy.'
 '2563 Misn.' '3470 Misn.' '23 Mtgy.' '336 Pine' '227 Migy.' '160 Sutr.'
 '216 Powl.' '604 Mian.' '423 Krny.' '2434 Cal.' '818 Krny.' '147 Sutr.'
 '731 Mkt.' '148 20' '828 Mtgy.' '406 Krny.' '544 Clemt.' '660 Mkt.'
 '1476 18th' '4442 Misn.' '205 Mtgy.' '2579 San Bruno ave.' '129 Stur.'
 '646 Clemt.' '84 Eilis' '50S Cal.' '422 Mtgy.' '157 Sutr.' '370 Bush'
 '440 Migy.' '604 Misn.' '111 Migy.' '255 Cal.' '356 Mkt.' '75 Sutr.'
 '129 Sutr.' '148 Mtgy.' '3285 24th' '714 Mkt.' '419 Mtgy.' '8215 Misn.'
 '856 Pine' '407 Pine' '660 Mkt' '656 Mkt.' '2528 Misn.' '111 Mtgy.'
 '15 Stkn.' '519 Cal.' '821 Bush' '127 Migy.' '34 Ellis' '151 Sutr'
 '1336 9th ave.' '32 Mtgy.' '606 Mtgy.' '7th ave. nr H.' '149 Mtgy.'
 '845 Mtgy.' '1512 Hght.' '870 Bush' '204 Elm ave.' '68 Post' '525 Cal.'
 '407 Pine st.' '1026 Filmr.' '113 Mtgy.' '10 East' '966 Mkt.' '356 Pine'
 '822 Mtgy.' 'ist and Mkt.' '145 Migy.' '90 Clay' '45 Krny.' '214 Fral.'
 '626 Mkt.' '3117 16th' '209 Mtgy.' '215 Mtgy.' '311 Cal.' '16 Geary'
 '807 Ellis' '386 Pine' '717 Mkt.' '312 Bush' ""1616 O'Farl"" '625 Cal.'
 '107 Pine' '636 Mkt.' '241 Mtgy.' '255 Mtgy.' '35 Mtgy.' '8008 16th'
 '686 Mkt.' '30 Mtgy.' '5 Migy.' '1085 Mkt' '244 Krny.' '308 Bush'
 '475 Pine' '282 Mtgy.' '11 Mtgy.' '8011 24th' '525 Mkt.' '1217 19th ave.'
 '128 Sutr.' '2829 Sac.' '82 Mtgy.' '1410 Hght.' '75 Butr.'
 '24th av. & Clem.' '127 Mtgy.' '619 Cal.' '268 Migy.' '1475 18th,'
 '359 Migy.' '121 Sutr.' '180 Sutr.' '461 Mtry.' '126 Post' '289 Sanam.'
 '251 Post' '19 Post' '1202 Sutr' '1678 Mkt.' '140 Geary' '2190 Mian.'
 '602 Clement' 'Mkt. & 16th' '251 Krny.' '26 Mtgy.' '27 Mtgy.'
 'lat & Mkt.' '2338 Mien.' '481 Grn.' '1406 Sutr.' '191 Gth ave.'
 '1730 Clemt.' '107 Mtgy.' '334 Pine' '7 Plymouth av.' '133 Geary'
 '354 Pine' '546 Mkt.' '161 Sutr.' '167 Sutr.' '330 Migy.' '1646 Mkt.'
 '2 39th' '964 Mkt.' '996 Μίση.' '1354 Filmr.' '8th ave. & Cal.'
 '141 Sutr.' '62 Post' '300 Cortland bldg.' '2574 S. Bruno ave.'
 '26th ave. & Cal.' '430 Eddy' '166 Geary' '155 Sutr.' '34 Mtgy.'
 '110 Sutr.' '702 Mkt.']",175
San Jose,1912,"['16 N. 1st' '35 W. Santa Clara' '15 W. St. John' '24 N. 20' '15 N. 1st'
 '42 E. Sta. Clara' '12 N. 1st' '54 N. 1st' '18 N. 20' '44 E. Santa Clara'
 '50 N. 1st' '7 W. Santa Clara' '64 E. Sta. Clara' '26 N. 2d' '24 N. 1st'
 '45 W. Santa Clara' '27 S. Market' '2d & Sta. Clara' '19 N. 1st'
 '18 N. 2d']",20
Seattle,1912,"[nan 'Rainier ave.' '218 Marlon st.' '5563 Duwamish ave.' '702 2nd av.'
 '712 3rd ave' '65th & Phinney' '216 Cherry'
 '224-5 Northern Bank & Trust bldg.' 'Georgetown' '7409 Sunnyside'
 '6008 12th s.' '647 N. Y. blk.' '5403 20th n.' '916 Howell'
 '5131 Ballard ave.' '1048 Kilbourne' '7210 E. Green Lake blvd.'
 '3801 Hanford' 'Room 21, 110 Cherry' '750 Central bldg.'
 '4734 Ballard ave.' '459 Arcade Annex' '2260 15th w.' '5415 Ballard Nw.'
 'Richmond Beach' '122 18th n.' '5510 20th nw.'
 'Oregon Land, 216 Bailey bldg.' '811 1st ave.' '2003 1st ave.'
 '8701 Greenwood ave.' '1111 3rd ave.' '4756 Ballard ave.' '5237 Ballard'
 '8412 Greenwood' '50th & Phinney' '308 N Y' '907 1st ave.' '117 Bell'
 '219-20 Colman bldg.' '804 8d ave.' '85 W. Mad.' '106 Cherry'
 '776 N. 73d' '4216 14th. N. E.' '7460 E. Green Lake blv.'
 '8817 Greenwood' 'cor. W. 70th & 15th, Nw.' '701 E. 46th' '8524 8th. S.'
 '1124 1lot ave.' '2012 Vernon Place' '85th & Greenwood' '109 Cherry'
 '3211 20th. W.' '946 Central bld.' '525 Colman bldg.' '2035 10th, N.'
 '4000 26th, S. W.' '612 1st ave.' '420 Denny' '508 Northlake'
 '1427 5th ave.' '3501 Evanston' '2000 Vernon Place']",66
Tampa,1912,"[nan '913 Fla. RVO.' '40¼ Franklin st.' '401' '710¼ Franklin st.'
 '1823 7th av.' '1016¼ Franklin' '306 Zack st.' '806 Harrison' '409-11'
 '504½ Franklin' 'rm 10.' '307' '504½ Franklin st.' '201'
 '217 Lafayette st.' '316¼ Franklin st.' '808' '306' '15' '1705 7th ave.'
 'Howard & Chestnut' '305' '301' '816' 'rm 5,' '12,' '421' '833 Oak st.'
 '508¼ Franklin st.' '313 Zack st.' 'rms 7-8,' '608¼ Franklin st.'
 '410¼ Franklin st.' '14th & 9th']",35
Washington,1912,"['1401 Eye Street N. W.' nan '9th & New York ave., N. W.'
 '711 8th st., N. W.' '1401 Eye st., N. W.' '617 13th st., N. W.'
 '402 6th st. N. W.' '802 E. Capt. st.' '500 5th, N. W.' '610 18th, N. W.'
 '819 4%, N. W.' '1416 F. N. W.' '1420 F' '808 17th' '1712 H'
 '617 18th, N. W.' '706 11th, N. W.' '1305 G. N. W.' '1410-12 G. N. W.'
 '1811 G, N. W.' '621 13th, N. W.' '1821 F, N. W.' '918 G. N. W.'
 '1112 14th, N. W.' '520-522 8th' '615 14th, N. W.' '1809 G'
 '615-17 14th, N. W.' '35 B. N. W.' '707 G, N. W.' '782 10th, N. W.'
 '604 6th, N. W.' '1321 F. N. W.' '910 14th N. W.' '2006 11th. N. W.'
 '908 14th, N. W.' '806 17th, N. W.' '806 17th' '1418 F' '1516 H. N. W.'
 '1218 Conn. ave., N. W.' '14th & G. N. W.' '617 44. 8. W.'
 '624 14th, N. W.' '1418 H. N. W.' '9th & H, N. W.' '1308 F'
 '14th & Piney Branch rd., N. W.' '1418 G' '1423 F., N. W.'
 '506 11th, N W.' '1402 H. N. W.' '802 F, N. W.' '915 N. Y. ava, N. W.'
 '1231 N. Y. ave.' '1502 H. N. w.' '1412 G. N. W.' '910 14th, N. W.'
 '1005 N. Y. ave.,N. W.' '1410 H. N. W.' '1403 N. Y. ave.'
 '1102 Conn. ave., N. W.' '1425 N. Y. ave., N. W.' '12th & G. N. W.'
 '20th & Pa. av., N. IV.' '923 New York ave' '1425 New York ave'
 '816 14th, N. W.' '605 13th, N. W.' '730 17th' '1413 G' '7th & E. 8. W.'
 '730 17th, N. W.' '812 14th' '1929 Pa. ave.' '314 Pa. ave., S. E.'
 '314 Pa. ave.,S. E.' '1333 F., N. W.' '722 11th. N. W.' '1400 H, N. W.'
 '1400 H. N. W.' '615 14th' '1410 G' '780 17th' '606 F' '607 14th, N. W.'
 '1410 G, N. W.' '912 N. Y. ave., N. W.' '809 G, N. W.'
 '1342 New York ave.' '102 1st, N. W.' '738 16th.N. W.' '1833-35 F. N. W.'
 '612 44, S. W.' '612 14th, N. W.' '809 G. N. W.' '612 F' '420 Elm, N. W.'
 '1311 H. N. W.' '1320 N. Y. ave.,N. W.' '1320 N. Y. ave., N. W.'
 '615 14th. N. W.' '1326 N. Y. ave., N. W.' '612 14th. N. W.'
 '617 14th. N. W.' '306 Pa. ave., S. E.' '806 17th. N. W.'
 '617 14th, N. W.' '1336 New York ave.' '617 13th, N. W.' '614 F, N. W.'
 '1420 F. N. W.' '624 F, N. W.' '617 F, N. W.' '1237 Wisconsin ave.'
 '1403 H, N. IV.' '1418 F. N. W.' '1418 F.' '317 4%. N. W.'
 '1502 H. N. W.' '924 17th, N. W.' '1312 F' '14th & Pin.B. rd.'
 '1307 H, N. W.' '1426 N. Y. ave., N. W.' '1006 F. N. W.' '1314 F.'
 '802 F. N. W.' '1321 G' '635 F. N. W.' '1314 F. N. W.' '1504 H. N. W.'
 '607 18th' '1301 G, N. W.' '517 E. N. W.' '2006 11th, N. W.'
 '617 E. N. W.' '1303 F' '1404 H. N. W.' '800 19th, N. W.' '612 14th'
 '718 14th, N. W.' '206 E. Capitol' '1413 H, N. W.' '1321 G. N. W.' '314'
 '1701 14th' '1307 II. N. W.' '936 F' '1403 H. N. W.' '3068 M, N. W.'
 '3068 M. N. W.' '612 13th. N. W.' '612 13th, N. W.' '702 11th. N. W.'
 '14th & Pin. Br. rd., N.W.' '816 14th. N. W.' '20th, W. of\nPk. rd.'
 '1410 G. N. W.' '1804 F. N. W.' '1304 F. N. W.' '1304 F, N. W.' '605 6th'
 '605 13th. N. W.' '1833 G. N. W.' '510 F. N. W.' '617 13th. N. W.'
 '1408 N. Y. ave., N. W.' '1403 N. Y. av., N. W.' '617 18th. N. W.'
 '732 10th. N. W.' '1426 U, N. W.' '732 10th, N. W.' '1423 F, N. W.'
 '1838 H, N. W.' '1264 Wis. ave., N. W.' '729 1616, N. W.' '485 44. S. W.'
 '1413 G. N. W.' '330 Pohn Marsh pl' '830 John Marsh pu' '710 14th, N. W.'
 '609 F' '729 15th. N. W.' '704 13th, N. W.' '1425 Ν. Υ.\nave., N. W.'
 '621 18th, N. W.' '1344 G, N. W.' '927 G. N. W.' '719 13th, N. W.'
 '7th & L' '1407 F, N. W.' '1425 F. N. W.' '624 F' '1929 Pa. ave., N. W.'
 '907 G. N. W.' '1338 H' '713 14th, N. W.' '643 La. ave.'
 '1125 14th. N. W.' '1402 H, N. W.' '1009 7th. N. W.' '815 14th. N. W.'
 '616-617 14th, N. W.' 'Randle Hghlds.' '1805 G, N. W.' '904 14th'
 '1338 G. N. W.' '848 Cedar, Takoma Pk.' '729 15th, N. W.'
 '458 La. ave., N. W.' '1836 New York ave., N. W.' '12th & G, N. W.'
 '9th & F.' 'N. E. cor. 9th & G' '1881 G. N. W.' '1416 F' '910 14th'
 '224 E. Capitol' '602 F' '602 F. N. W.' '1907 Pa. ave., N. W'
 '494 La., ave., N. W.' '816 17th, N. W.' '1114 F' '1420 F., N. W.'
 '638 F' '1309 H' '1201 G, N. W.' '910 G' '815 14th, N. W.']",231
